{
  "version": "22.0.0",
  "files": {
    "035bc5ff64761069e572e3c4883e7da7853cdb56c23c36c739e043420ba6e5d1": {
      "source": {
        "path": "asset.035bc5ff64761069e572e3c4883e7da7853cdb56c23c36c739e043420ba6e5d1",
        "packaging": "zip"
      },
      "destinations": {
        "current_account-current_region": {
          "bucketName": "cdk-hnb659fds-assets-${AWS::AccountId}-${AWS::Region}",
          "objectKey": "035bc5ff64761069e572e3c4883e7da7853cdb56c23c36c739e043420ba6e5d1.zip",
          "assumeRoleArn": "arn:${AWS::Partition}:iam::${AWS::AccountId}:role/cdk-hnb659fds-file-publishing-role-${AWS::AccountId}-${AWS::Region}"
        }
      }
    },
    "62a2601926757d73f8adbfb6ff3fbb3cae987dc1ada39ca4ee3a5b2c7003ab83": {
      "source": {
        "path": "NeoCursoStack.template.json",
        "packaging": "file"
      },
      "destinations": {
        "current_account-current_region": {
          "bucketName": "cdk-hnb659fds-assets-${AWS::AccountId}-${AWS::Region}",
          "objectKey": "62a2601926757d73f8adbfb6ff3fbb3cae987dc1ada39ca4ee3a5b2c7003ab83.json",
          "assumeRoleArn": "arn:${AWS::Partition}:iam::${AWS::AccountId}:role/cdk-hnb659fds-file-publishing-role-${AWS::AccountId}-${AWS::Region}"
        }
      }
    }
  },
  "dockerImages": {}
}