{
  "version": "22.0.0",
  "files": {
    "bc239e1dd3e37147d49771980c9ff621610cce8867d5d25c0f46f0934fee7a2a": {
      "source": {
        "path": "asset.bc239e1dd3e37147d49771980c9ff621610cce8867d5d25c0f46f0934fee7a2a",
        "packaging": "zip"
      },
      "destinations": {
        "current_account-current_region": {
          "bucketName": "cdk-hnb659fds-assets-${AWS::AccountId}-${AWS::Region}",
          "objectKey": "bc239e1dd3e37147d49771980c9ff621610cce8867d5d25c0f46f0934fee7a2a.zip",
          "assumeRoleArn": "arn:${AWS::Partition}:iam::${AWS::AccountId}:role/cdk-hnb659fds-file-publishing-role-${AWS::AccountId}-${AWS::Region}"
        }
      }
    },
    "decb3848c43a916cf70024f11160f2ead4478a13c34a28e42b8bb564a82fd7b1": {
      "source": {
        "path": "NeoCursoStack.template.json",
        "packaging": "file"
      },
      "destinations": {
        "current_account-current_region": {
          "bucketName": "cdk-hnb659fds-assets-${AWS::AccountId}-${AWS::Region}",
          "objectKey": "decb3848c43a916cf70024f11160f2ead4478a13c34a28e42b8bb564a82fd7b1.json",
          "assumeRoleArn": "arn:${AWS::Partition}:iam::${AWS::AccountId}:role/cdk-hnb659fds-file-publishing-role-${AWS::AccountId}-${AWS::Region}"
        }
      }
    }
  },
  "dockerImages": {}
}